Title;Price
NAUJAS! ULTRA TABLET PC 4K UHD 11.0"COLIŲ AMOLED+1024GB/16GB RAM;86 €
NAUJAS! 4K ULTRA TABLET PC 11.0"COLIŲ HDR10+1024GB/16GB+2SIM+5G;85 €
NAUJAS! 4K ULTRA TABLET PC 11.0"COLIŲ AMOLED+1024GB/16GB RAM!;85 €
MINI KLAVIATŪRA SU RGB APŠVIETIMU+JUTIKLINIU KILIMĖLIU "TOUCHPAD"+PELĖ.;5 €
NAUJAS! 4K ULTRA TABLET PC 11.0"COLIU AMOLED+1TB/16GB RAM+5G+WiFi7;115 €
Technikos remontas. Elektronikos taisymas. 910.lt;0
Gaming kompiuteriai, galima pirkti lizingu !;930 €
Naujausios kartos Žaidimų Kompiuteriai;499 €
Parduodami Žaidimų kompiuteriai;349 €
Paskolos;0
Paskolos;0
GEFORCE RTX 4090 , RTX 4080 Super,  RTX 4080 , RTX 4070 Ti Super,  RTX 4070 Ti , RTX 4070 Super,  RTX 4070 , RTX 4060 Ti, RTX 3090 Ti, RTX 3090;500 €
17“ Samsung SyncMaster 740B;15 €
Klaviatūra + pelė;6 €
Samsung 860 EVO 250 Gb;25 €
HP LA2205wg, 22 col., 60Hz, 1680x1050p;30 €
Kabeliai, jungtys, adapteriai;1 €
Aušintuvai, ventiliatoriai;6 €
16 GB USB atmintinės;4 €
Naujas rozetės adapteris (iš AUS, JK, JAV į ES);4 €
Universalus USB adapteris „10 viename“;3 €
Kelios plokštės stacionariems PK;4 €
Neš. PK proces. Intel Celeron 900;4 €
Procesorių aušintuvai, ventiliatoriai;1 €
23“ monitorius HP Compaq LA2306 FHD;60 €
DVI kabeliai;6 €
Stacionarus PK komplektas;65 €
Stacionarus kompiuteris + 22“ monitorius;80 €
Stacionarus HP Elite 8200 SFF;55 €
Procesoriai LGA-775;2 €
RAM‘ai stacion. PC (DDR2);5 €
Baterijos (akumuliatoriai) Asus kompiuteriams;21 €
Baterijos (akumuliatoriai) Dell kompiuteriams;39 €
Visų kompiuterių servisas Kaune;0
LABAI GREITAS Senų VAIZDAJUOSČIŲ / KASEČIŲ perrašymas Šiauliai + Visa Lietuva;8 €
KALĖDINIŲ DOVANŲ IDĖJOS;3 €
DOVANŲ IDĖJOS JAI / JAM / VISIEMS / KALĖDOS;4 €
PUIKIOS DOVANŲ IDĖJOS KARAOKE MIKROFONAI;49 €
IHEX-HYBRID II navigacija + vaizdo registratorius;110 €
GARMIN NUVI 55 Navigacinė sistema automobiliams + visos EU žemėlapiai;120 €
3D VIRTUALŪS AKINIAI žaidimų mėgėjams, įspūdingam realių vaizdų matymui;28 €
Muzikos grotuvai, MP3, MP4, MP5, Bluetooth ausinės, kolonėlės, žaidimų konsolės, virtualūs,3D akiniai, diktofonai,dovanos,pristatymas visoje Lietuvoje;19 €
ELEKTRONIKOS DEFEKTINIAI AKTAI / pažymos draudimui;10 €
VISI Nešiojamų kompiuterių mašininiai pakrovėjai;18 €
ĮVAIRŪS LAIDAI IR ADAPTERIAI ĮVAIRIEMS ĮRENGINIAMS NUO 0,50 EUR!;0,50 €
2018 METŲ NAUJIENA IHEX - HYBRID IV 7", ANDROID, GPS, TV, WIFI, DVR NAVIGACINĖ SISTEMA AUTO + TRUCK;149 €
ASUS A73E, K73E, X73E, K73A, K73 nešiojamo kompiuterio ekrano šleifas, kabelis;24 €
HP nešiojamo kompiuterio aušintuvai geriausia kaina!;11 €
LENOVO Ideapad 330-15AST, 330-15IKB ekrano dangtis su WIFI, šleifu;69 €
PLATUS MONITORIŲ PASIRINKIMAS + YPAČ MAŽA KAINA!;10 €
17.0" 1440x900px 30 pin CCFL nešiojamo kompiuterio ekranas;79 €
ŠVENTINĖS NUOLAIDOS REMONTO DARBAMS;10 €
ONIKUMA žaidimų ausinės, PUIKI DOVANA;27 €
3A su ekranu Ihone, C-TYPE, Mikro USB kabelis;10 €
Superkame veikiančius / neveikiančius kompiuterius;0
Stacionaraus / stalinio kompiuterio remontas / taisykla / paslaugos Šiauliai www.cipas.lt;1 €
Matrica, nešiojamo kompiuterio ekranas, ekranai;10 €
PAKEISIME ŠLEIFĄ: Mes pakeisime nešiojamojo kompiuterio ekrano šleifą kokybiškai ir greitai, nes turime vietoje įvairiausių matricos šleifų ir visą re;10 €
FUJITSU nešiojamo kompiuterio klaviatūros PIGIAUSIAI;14 €
7 colių DAUGIAFUNKCINIS ĮRENGINYS su GPS navigacija, vaizdo registratoriumi, galine vaizdo kamera, TV, Internetu;185 €
Skubus kompiuterių meistro iškvietimas į NAMUS ir OFISĄ Šiauliuose, Šiauliai;5 €
NAUJI IR NAUDOTI NEŠIOJAMI KOMPIUTERIAI nuo 60 Eur;60 €
Nešiojamų / Laptop kompiuterių įkroviklių(pakrovėjų) remontas / taisykla / Šiauliai;5 €
NEŠIOJAMŲ KOMPIUTERIŲ MAITINIMO LIZDŲ REMONTAS;5 €
APPLE nešiojamų, stacionarių kompiuterių, telefonų, planšetų REMONTAS   APPLE nešiojamų, stacionarių kompiuterių, telefonų, planšetų REMONTAS Šiauliuo;3 €
Kompiuterių dulkių valymas;1 €
APPLE TOP AKCIJOS REMONTO DARBAMS;10 €
SKUBUS, visos programinės įrangos remontas, atnaujinimas;1 €
APPLE kompiuterių remontas visoje Lietuvoje;1 €
Planšetinių kompiuterių remontas Šiauliai;1 €
Visų PlayStation/XBOX kompiuterių atrišimas, remontas;5 €
Kruopštus, atsakingas maitinimo grandinių remontas;5 €
Telefonų / lizdų remontas / paslaugos Šiauliai www.cipas.lt;5 €
Plančetinių, nešiojamų, stacionarių kompiuterių remontas Šiauliuose;5 €
BGA lustų, čipų, čipsetų keitimas, remontas, litavimas, plokščių taisymas;5 €
Stacionaraus / stalinio kompiuterio remontas / taisykla / paslaugos Šiauliai www.cipas.lt;5 €
Nešiojamų / Laptop kompiuterių remontas / taisykla / paslaugos Šiauliai www.cipas.lt;5 €
MOKSLO METŲ PARUOŠIMAS TIK 9,99eur;9,99 €
Plančetinių, nešiojamų, stacionarių kompiuterių remontas Šiauliuose;5 €
Planšetinių kompiuterių remontas Šiauliai;5 €
APPLE nešiojamų, stacionarių kompiuterių, telefonų, planšetų REMONTAS;5 €
Visų tipų kompiuterių, telefonų, GPS navigacijų remontas, darbus atliekame patys, suteikiama garantija;10 €
Kruopštus, atsakingas maitinimo grandinių remontas Šiauliuose;5 €
VISŲ PSP kompiuterių atrišimas, remontas;10 €
Nešiojamųjų kompiuterių išlūžusių įkrovimo, maitinimo (DC) lizdų keitimas naujais, remontas;35 €
Planšetinių kompiuterių remontas Šiauliai;3 €
Kompiuterių / automobilių čipų, lustų litavimas / 6 mėn garantija! (Šiauliai);40 €
Stacionarių kompiuterių mechaninis / programinis remontas, naujinimas, gedimų šalinimas visoje Lietuvoje, suteikiama garantija;35 €
KOMPIUTERIŲ, PLANŠETINIŲ, FOTOAPARATŲ, ELEKTRONIKOS Remontas;10 €
KRUOPŠTUS susikaupusių dulkių valymas iš nešiojamo, stacionaraus kompiuterio Šiauliuose;5 €
SUDAUŽYTŲ, SUSKILUSIŲ NEŠIOJAMŲ KOMPIUTERIŲ REMONTAS;5 €
PROFESIONALUS KOMPIUTERIŲ, TELEFONŲ, SMART LAIKRODŽIŲ, FOTOAPARATŲ, VAIZDO KAMERŲ, NAVIGACIJŲ REMONTAS DIDMENINĖ KAINA.;5 €
ČIPŲ-LUSTŲ litavimas su 6 mėnesių garantija;1 €
Nešiojamų kompiuterių klaviatūrų keitimas / pardavimas Šiauliuose!;0
APLIEJOTE SAVO KOMPIUTERĮ? RAMIAI!;10 €
Elektronikos įrenginių lizdų keitimas 5eur;5 €
Nešiojamų kompiuterių EKRANAI, JŲ REMONTAS GERIAUSIOMIS KAINOMIS;5 €
Plančetinių, nešiojamų, stacionarių kompiuterių remontas Šiauliuose;5 €
Apple nešiojamų, stacionarių kompiuterių, telefonų remontas;5 €
NAUDOTŲ KOMPIUTERIŲ PARUOŠIMAS DARBUI;20 €
Meistro iškvietimas į namus ar ofisą NEMOKAMAI;10 €
Kompiuterių Meistras Į Namus, Šiauliuose;10 €
Kompiuterių Meistras Į Namus, Šiauliuose;10 €
Kompiuterių Meistras Į Namus, Šiauliuose;10 €
Kompiuterio darbo pagreitinimas + NEMOKAMAS keitimas ir kiti priedai;59 €
APPLE kompiuterių remontas visoje Lietuvoje;10 €
GREITAS IR KOKYBIŠKAS ELEKTRONIKOS REMONTAS IR PREKYBA;10 €
Profesionalus, greitas FOTO/VAIZDO kamerų remontas Šiauliuose;5 €
Nepaprastos nuolaidos!;10 €
Stacionarių kompiuterių surinkimas pagal individualius poreikius;10 €
Profesionalus visų kompiuterių remontas Šiauliuose;30 €
Kompiuterių Meistras Į Namus, Šiauliuose;10 €
WWW.CIPAS.LT - KOMPIUTERIŲ IR GPS NAVIGACIJŲ CENTRAS jums siūlo profesionalų ir pigų visų kompiuterių remontą.;1 €
Apple nešiojamų, stacionarių kompiuterių, telefonų remontas, Šiauliai;5 €
Nešiojamųjų kompiuterių išlūžusių įkrovimo, maitinimo (DC) lizdų keitimas, taisymas;19 €
Telefonų, kompiuterių, navigacijų, planšečių sudužusių ekranų keitimas, pardavimas;15 €
Profesionalus visų kompiuterių remontas Šiauliuose;10 €
Www.marsietis.lt – profesionalus kompiuterių remontas visoje LIETUVOJE!;15 €
Visų kompiuterių remontas, visoje Lietuvoje;10 €
UŽGAVĖNIŲ AKCIJA! Visos elektronikos remontui net iki -20% NUOLAIDA;30 €
Profesionalus visų kompiuterių remontas visoje Lietuvoje;30 €
PROFESIONALUS PLANŠETŲ REMONTAS;0
ELEKTRONIKOS REMONTAS visoje Lietuvoje . Paslaugos ir kaina;5 €
Profesionalus nešiojamų ir stacionarių kompiuterių, telefonų ir plančetinių kompiuterių remontas visoje Lietuvoje;0
Nešiojamų kompiuterių išlūžusių DC lizdų remontas;10 €
ELEKTRONIKOS DEFEKTINIAI AKTAI / pažymos draudimui;10 €
Visų spausdintuvų remontas, tonerių, kasečių pildymas, pardavimas;11 €
ELEKTRONIKOS DEFEKTINIAI AKTAI / PAŽYMOS DRAUDIMUI, ŠIAULIAI;15 €
Vaizdajuosčių / Kasečių perrašymas į naujas laikmenas;8 €
Alkotesterių kalibravimas, remontas, patikra, pardavimas Šiauliuose;45 €
KOMPIUTERIŲ SURINKIMAS BEI KOMPLEKTAVIMAS pagal Jūsų biudžetą ir poreikius!;30 €
ASUS ZenBook UX31E / 13.3" / I5 CPU / 4GB RAM / 240GB SSD / naudotas nešiojamas kompiuteris su garantija!;269 €
DVR Premium vaizdo registratorius su OLED 4K ekranu, wifi, gps. AUKŠTA KLASĖ;159 €
BLUETOOTH belaidė garso kolonėlė DOVANŲ;1 €
PRABANGUS ASUS X756 / 17.3" EKRANAS / 1TB / DAILUS IR GALINGAS NEŠIOJAMAS KOMPIUTERIS;549 €
HP COMPAQ 6200 NAUDOTAS STACIONARUS KOMPIUTERIS, 500GB, INTEL CORE I3 PROCESORIUS;129 €
TECLAST 8.0" PLANŠETAS + NAVIGACIJA+TELEVIZIJA;110 €
GF ATX-Q1 STACIONARUS KOMPIUTERIS;299 €
ELEKTRINIS VYNO BUTELIO ATIDARYTUVAS;18 €
TOSHIBA SATELLITE L50-B-2FN NEŠIOJAMAS KOMPIUTERIS;480 €
NEŠIOJAMAS KOMPIUTERIS TOSHIBA L50D-C-16Z 15.6" FUL HD;280 €
ASUS / NEŠIOJAMŲ KOMPIUTERIŲ ĮKROVIKLIAI (PAKROVĖJAI) ŽEMOMIS KAINOMIS;12 €
APPLE MACBOOK PRO LATE 2011 A1286, 15.4" EKRANAS, INTEL PROCESORIUS NAUDOTAS NEŠIOJAMAS KOMPIUTERIS;199 €
TOSHIBA SATELLITE PRO L870-18G 17.3", INTEL CORE I5 PROCESORIUS, 4GB RAM, 1TB HDD GALINGAS NAUDOTAS NEŠIOJAMAS KOMPIUTERIS;239 €
NAVITEL T500 3G + Navigacija+TELEVIZIJA Android OS, 7" ekranas;113 €
ACER NEŠIOJAMŲ KOMPIUTERIŲ MAITINIMO LIZDAI NUO 2 EUR, Šiauliuose;2 €
NEŠIOJAMI KOMPIUTERIAI NUO 70EUR;70 €
KALĖDINIŲ DOVANŲ IDĖJOS;3 €
TOSHIBA SATELLITE L755D-14X 15.6";230 €
TOSHIBA SATELLITE L885D-100 / 15.6";280 €
MODECOM FREETAB 8015 8" 4G + NAVIGACIJA+TELEVIZIJA;110 €
BLOW BLACKTAB 7.4 HD + NAVIGACIJA+TELEVIZIJA;85 €
QUANTUM 2 1010 MOBILE+NAVIGACIJA+TELEVIZIJA;109 €
QUANTUM II 700 MOBILE +NAVIGACIJA+ TELEVIZIJA;79 €
KRUGER MATZ +NAVIGACIJA +TELEVIZIJA;99 €
GOCLEVER QUANTUM II 500N +NAVIGACIJA+ TELEVIZIJA;95 €
TECLAST 7” PLANŠETAS + NAVIGACIJA+TELEVIZIJA;99 €
2 IN 1 DVR VAIZDO REGISTRATORIUS SU GARSO ĮRAŠYMU + RADARAS, PERSPĖJA APIE GREIČIO MATUOKLIUS;89 €
ASUS Taichi 21 Ultrabook;700 €
DELL LATITUDE D531 / 15.4" / AMD SEMPRON(TM) / 60GB HDD LABAI TVARKINGAS NAUDOTAS   NEŠIOJAMAS KOMPIUTERIS;60 €
NAUJIENA Teclast planšetas + Navigacija+TELEVIZIJA su ANDROID 8.0;110 €
SONY PSP 2000 NEŠIOJAMA ŽAIDIMŲ KONSOLĖ, MP3  MP4;70 €
BMS EXPERT NAUDOTAS STACIONARUS KOMPIUTERIS HDD 320GB  2GB RAM  INTEL CORE 2 DUO;70 €
Naudoti Nešiojami Kompiuteriai Nuo 99 Eurų!;99 €
Kruger&Matz 7" EAGLE 701;99 €
LENOVO Ideapad B50-40;150 €
TOSHIBA Satellite NB10T-A-106;149 €
KRUGER MATZ + NAVIGACIJA+TELEVIZIJA;89 €
APPLE MACBOOK PRO A1286 NAUDOTAS NEŠIOJAMAS KOMPIUTERIS;580 €
TECLAST PLANŠETAS + NAVIGACIJA+TELEVIZIJA;125 €
HP COMPAQ 8710P;90 €
APPLE MACBOOK PRO A1226;99 €
Nauji ir naudoti stacionarūs kompiuteriai;0
Apple nešiojamų, stacionarių kompiuterių, telefonų remontas;5 €
TOSHIBA SATELLITE S50D-A-106 / 15.6" / A8 PROCESORIUS / 720GB GALINGAS NEŠIOJAMAS KOMPIUTERIS;340 €
ASUS Taichi 21 Ultrabook, 11.6", Intel i7 procesorius, naudotas nešiojamas kompiuteris su dvejais ekranais;700 €
DELL Inspiron N7010, 17.3", Intel i3 procesorius, naudotas nešiojamas kompiuteris;250 €
NAUJIENA Teclast planšetas + Navigacija+TELEVIZIJA su ANDROID 8.0" ekranu;145 €
Lenovo / IBM / NEŠIOJAMŲ KOMPIUTERIŲ ĮKROVIKLIAI (PAKROVĖJAI) ŽEMOMIS KAINOMIS;16 €
TOSHIBA SATELLITE C55-C-1TC 15.6" LED, INTEL PROCESORIUS, 4GB RAM, 120GB SSD NEŠIOJAMAS KOMPIUTERIS;180 €
TOSHIBA QOSMIO X870-11H 17.3" INTEL CORE I7-3610Q, 8GB, NVIDIA GEFORCE GTX670M NAUDOTAS NEŠIOJAMAS KOMPIUTERIS;700 €
TOSHIBA SATELLITE M50D-A-10V 15.6", A4 PROCESORIUS, 720GB HDD, 6GB RAM, NEŠIOJAMAS KOMPIUTERIS;270 €
TOSHIBA SATELLITE S50D-A-106 / 15.6" / A8 PROCESORIUS / 720GB GALINGAS NEŠIOJAMAS KOMPIUTERIS;340 €
7.0 COLIŲ, LENOVO TAB2 8 PLANŠETAS + GPS NAVIGACIJA, SUDERINTA SU IGO PRIMO;120 €
5 COLIŲ PMC-STAR DAUGIAFUNKCINIS ĮRENGINYS SU GPS NAVIGACIJA, VAIZDO REGISTRATORIUMI, GALINE VAIZDO KAMERA, SU LIEČIAMU EKRANU;199 €
TOSHIBA ENCORE 2 WT8-A102 PLANŠETINIS KOMPIUTERIS + WIN 8;130 €
14.0" ASUS X451MA INTEL CPU, 480GB, 4GB RAM NEŠIOJAMAS SLIM NEŠIOJAMAS KOMPIUTERIS;250 €
APPLE MACBOOK PRO A1211, 15.4 EKRANAS, INTEL CORE 2 DUO PROCESORIUS NAUDOTAS NEŠIOJAMAS KOMPIUTERIS;260 €
TOSHIBA SATELLITE L550D-10J 17.3", AMD PROCESORIUS, 4GB RAM NAUDOTAS NEŠIOJAMAS KOMPIUTERIS;170 €
PMC-190 PARKAVIMO SISTEMA VEIDRODYJE;115 €
SUPER GREITAS TOSHIBA SATELLITE C55-C-1TC 15.6" LED, INTEL PROCESORIUS, 4GB RAM, 128GB SSD IR 1TB HDD NEŠIOJAMAS KOMPIUTERIS;240 €
VAIZDO REGISTRATORIAI+iGO NAVIGACIJA SUNKVEŽIMIUI IR AUTOMOBILIUI+ANDROID PLANČETĖ;115 €
Naudoti stacionarūs kompiuteriai: žaidimams, darbui, mokslui, pigūs, klaviatūros, pelės, priedai;2 €
NEBRANGUS, SU GARANTIJA NAUDOTI NEŠIOJAMI KOMPIUTERIAI / LAPTOPAI  / NUO 90 EURŲ!;90 €
ASUS Transformer Book T100TA planšetinis kompiuteris su klaviatūra.;150 €
TOSHIBA SATELLITE L50-B-1T2 15.6" / I3 PROCESORIUS, 8GB RAM, SSD 120GB GALINGAS NEŠIOJAMAS KOMPIUTERIS;350 €
TOSHIBA SATELLITE C70D-A-10H 17.3" A6 PROCESORIUS, 4GB RAM NAUDOTAS GALINGAS NEŠIOJAMAS KOMPIUTERIS;270 €
TOSHIBA Satellite L50D-B-170 15.6" LED, A8 procesorius, 4GB RAM, 240GB SSD galingas nešiojamas kompiuteris;300 €
SAMSUNG NP355E5C-S01SE 15.6", 500GB, 4GB RAM NAUDOTAS NEŠIOJAMAS KOMPIUTERIS;200 €
NAUDOTI DELNINIAI KOMPIUTERIAI SUTARTINĖ KAINA;5 €
TOSHIBA SATELLITE C55D-A-11G 15.6" A6 PROCESORIUS, 4GB RAM GALINGAS NEŠIOJAMAS KOMPIUTERIS;265 €
TOSHIBA Satellite C50-B  199 eur naudotas nešiojamas kompiuteris +garantija;199 €
NAUJIENA TECLAST PLANŠETAS + NAVIGACIJA+TELEVIZIJA SU ANDROID;125 €
TOSHIBA SATELLITE C55D-C-13M 15.6" A4 PROCESORIUS, 4GB RAM, SSD HDD GALINGAS NEŠIOJAMAS KOMPIUTERIS;260 €
TOSHIBA CHROMEBOOK 2 (CB30-B-104), FULL HD, SSD 16 GB, NAUJOS KARTOS NAUDOTAS NEŠIOJAMAS KOMPIUTERIS;180 €
TOSHIBA SATELLITE L50-B-1T2 15.6" / I3 PROCESORIUS, 8GB RAM, SSD 120GB GALINGAS NEŠIOJAMAS KOMPIUTERIS;350 €
SLIM TOSHIBA SATELLITE C50-B-14Z, 15.6" , INTEL PROCESORIUS, NAUDOTAS NEŠIOJAMAS KOMPIUTERIS;199 €
PIGŪS NEŠIOJAMI KOMPIUTERIAI SU GARANTIJA!;90 €
TOSHIBA QOSMIO X770-124 / 17.3"/ INTEL CORE I5 / 8GB NAUDOTAS NEŠIOJAMAS KOMPIUTERIS;550 €
NEBRANGUS 35 eur naudotas stalinis kompiuteris su garantija;35 €
ASUS TRANSFORMER BOOK T100 CHI PLANŠETINIS KOMPIUTERIS;190 €
TOSHIBA SATELLITE P50T-B-113 15.6" 4K +TOUCH INTEL I7 PROCESORIUS, 8GB RAM, 1TB HDD GALINGAS NEŠIOJAMAS KOMPIUTERIS;680 €
SLIM TOSHIBA SATELLITE C50-B-14M, 15.6" / 750GB / 4GB RAM, INTEL CELERON NAUDOTAS NEŠIOJAMAS KOMPIUTERIS;220 €
TOSHIBA SATELLITE C55D-C-13M 15.6" A4 PROCESORIUS, 4GB RAM, 128GB SSD GALINGAS NEŠIOJAMAS KOMPIUTERIS;260 €
Toshiba Satellite C870D-116 su 17.3 colių ekranu naudotas nešiojamas kompiuteris +garantija;180 €
RINKIS NAUDOTUS NEŠIOJAMUS KOMPIUTERIUS, LAPTOPUS + GARANTIJA / NUO 160 EURŲ!;160 €
GF ATX-Q1 STACIONARUS KOMPIUTERIS HDD 500GB 8GB RAM INTEL PENTIUM 3.30GHZ;299 €
NAUJIENA TECLAST PLANŠETAS + NAVIGACIJA+TELEVIZIJA SU ANDROID;125 €
TOSHIBA SATELLITE M50D-A-10V 15.6", A6 PROCESORIUS, 720GB, 6GB RAM, GALINGAS NEŠIOJAMAS KOMPIUTERIS;270 €
TOSHIBA SATELLITE C50-A-146, 15.6" / 500GB / 4GB RAM, INTEL CELERON NAUDOTAS NEŠIOJAMAS KOMPIUTERIS;200 €
TOSHIBA SATELLITE C55D-A-11G 15.6" A4 PROCESORIUS, 4GB RAM NAUDOTAS NEŠIOJAMAS KOMPIUTERIS;250 €
TOSHIBA QOSMIO X770-124 / 17.3"/ INTEL CORE I5 / 8GB NAUDOTAS NEŠIOJAMAS KOMPIUTERIS;520 €
GPS USB IŠORINĖ ANTENA NEŠIOJAMIEMS KOMPIUTERIAMS;29 €
TOSHIBA CHROMEBOOK CB30-102 NAUJOS KARTOS CHROME NAUDOTAS NEŠIOJAMAS KOMPIUTERIS;160 €
TOSHIBA SATELLITE M50-A-118 15.6", INTEL I5 PROCESORIUS, 500GB, 6GB RAM, GALINGAS NEŠIOJAMAS KOMPIUTERIS;350 €
SAMSUNG NP530U3C-A06EE 13.3", 120GB SSD, 6GB RAM NAUDOTAS NEŠIOJAMAS KOMPIUTERIS;340 €
TOSHIBA QOSMIO X870-11H 17.3" INTEL CORE I7-3610Q, 8GB, NVIDIA GEFORCE GTX670M NAUDOTAS NEŠIOJAMAS KOMPIUTERIS;700 €
Kompiuteriai;100 €
Superkame veikiančius / neveikiančius nešiojamus, stacionarius kompiuterius;10 €
Nauji, naudoti nešiojami, planšetiniai kompiuteriai už geriausią kainą, su garantija;80 €
Apple Macbook Air Early 2015;449 €
ACER TRAVELMATE 5740Z, INTEL I5 CPU, NEBRANGUS NEŠIOJAMAS KOMPIUTERIS;130 €
ASUS nešiojamų kompiuterių klaviatūros PIGIAI, remontas, montavimas, pardavimas;10 €
Nešiojami NAUJI IR NAUDOTI KOMPIUTERIAI SU GARANTIJA;159 €
ASUS X550L NAUDOTAS KOMPIUTERIS;239 €
ASUS A2500H NAUDOTAS KOMPIUTERIS;59 €
ASUS ROG Strix GL12CM;799 €
LENOVO TAB M8 TB-8505X, 8 colių planšetė, GPS navigacija, SUDERINTA SU IGO PRIMO;179 €
SPARČIAUSIAS, PATIKIMAS LCD/LED monitorių remontas Šiauliuose;10 €
Asus V221IDUK 21.5" ‎LED ekranas, Intel Pentium, 4GB DDR3 RAM, All-in-one ekspozicinis stacionarus kompiuteris;489 €
TOSHIBA P50D-C-105 / 15.6" / AMD A4 CPU / 4GB RAM / 240GB SSD / naudotas nešiojamas kompiuteris su garantija!  TOSHIBA P50D-C-105 verslo klasės nešioj;399 €
APPLE MACBOOK PRO A1398;749 €
LENOVO Thinkpad L512 /15.6" LCD/ Intel core i3 CPU/ 4GB RAM/ 240GB SSD/ naudotas nešiojamas kompiuteris;199 €
NET CARD PCI 10/100M TF3200 TP-LINK tinklo plokštė;5 €
HP nešiojamų kompiuterių įkrovikliai (pakrovėjai), pardavimas, 12 mėn. garantija / taisymas;19 €
HP Nešiojamųjų kompiuterių aušintuvai, ventiliatoriai, dulkių valymas;10 €
LIPDUKAI KLAVIATŪRAI SU LIETUVIŠKOMIS, RUSIŠKOMIS RAIDĖMIS IR SIMBOLIAIS;1,50 €
Ekrano ŠLEIFAS / Matricos LVDS LCD kabeliai, šleifai;10 €
PIGIAI nešiojamų kompiuterių baterijos, akumuliatoriai DIDMENA / MAŽMENA;20 €
Nešiojamo kompiuterio baterija, akumuliatorius GERIAUSIA kaina;20 €
NEŠIOJAMOJO KOMPIUTERIO pakrovėjo, kroviklio laidas, kabelis;3 €
DELL nešiojamų kompiuterių klaviatūros geromis kainomis, pigiai;10 €
PIGIAUSIAI. HP nešiojamo kompiuterio klaviatūra, keyboard, klava, klavetura;13 €
ASUS nešiojamo kompiuterio klaviatūros, keitimas, remontas PIGIAI;10 €
PIGIAUSIAI. ASUS nešiojamų kompiuterių ekranų šleifai, ŠIAULIAI;11 €
Nešiojamo kompiuterio ekrano ŠLEIFAS / LVDS LCD kabeliai, remontas;3 €
HP nešiojamų kompiuterių klaviatūros, keitimas, remontas;3 €
TOMTOM LAIKIKLIAI, ĮKROVIKLIAI NUO 5 EUR!;5 €
SAMSUNG nešiojamų kompiuterių klaviatūros, keitimas, remontas;11 €
SIGNAL KING 999WN BEVIELIO SIGNALO STIPRINTOJAS;35 €
LEGUANG LG–N100 BEVIELIO TINKLO ADAPTERIS / ANTENA;35 €
PIGIAUSIOS SAMSUNG nešiojamų kompiuterių klaviatūros, keitimas, remontas, Šiauliai;5 €
Komoiuterių kameros už geriausia kaina su 24 mėn garantija.;10 €
Microsoft T4H-00004 LifeCam WEB internetinė kamera;27 €
PMC-735 3.5 PARKAVIMO SISTEMOS MONITORIUS SU GALINIO VAIZDO KAMERA IR DAVIKLIAIS;10 €
Įvairių nešiojamųjų kompiuterių klaviatūros, klaviatūra, mygtukų keitimas, remontas, pardavimas;8 €
LENOVO ThinkPad SL400, SL500 DC maitinimo įkrovimo lizdas su laidu;12 €
LENOVO nešiojamų kompiuterių, lizdai kištukai;3 €
HP PAVILION 15-AK000, 15-AU000, 15-BC000 nešiojamo kompiuterio klaviatūra;25 €
PIGIAUSIAI. ASUS nešiojamų kompiuterių ekranų šleifai;11 €
PIGIAUSIAI. LENOVO kompiuterio lankstai, vyriai, ekrano laikikliai;13 €
LENOVO Ideapad 300-15, 300-15ISK Vyriai / Lankstai (komplektas);32 €
HP OMEN 15-AX, TPN-Q173, 15-BCs nešiojamo kompiuterio aušintuvas;18 €
ACER ASPIRE ES1-572, ES1-523, ES1-532, ES1-533 VYRIAI / LANKSTAI (KOMPLEKTAS);14 €
ONIKUMA žaidimų ausinės, PUIKI DOVANA;27 €
ASUS nešiojamų kompiuterių klaviatūros geromis kainomis, jų keitimas, remontas;16 €
ACER Nešiojamųjų kompiuterių aušintuvai, ventiliatoriai, dulkių valymas;10 €
HP NEŠIOJAMŲ KOMPIUTERIŲ / FAN / AUŠINTUVAI / VENTILIATORIAI / NUO 10 EUR;10 €
AKCIJA DELL NEŠIOJAMŲ KOMPIUTERIŲ / FAN / AUŠINTUVAI / VENTILIATORIAI NUO 13 EUR;13 €
Ekrano ŠLEIFAS / Matricos LVDS LCD kabeliai, šleifai, remontas;10 €
ASUS NEŠIOJAMŲ KOMPIUTERIŲ EKRANO KABELIAI / ŠLEIFAI NUO 12 EUR;12 €
PIGIAUSIAI. TOSHIBA nešiojamų kompiuterių kliaviatūros nuo 11 eurų;11 €
PIGIAUSIAI. ACER KOMPIUTERIO LANKSTAI, VYRIAI, EKRANO LAIKIKLIAI, ŠIAULIAI;9 €
Nešiojamo kompiuterio pakrovėjo / įkroviklio remontas, laidų keitimas;3 €
STILINGI KOMPIUTERIŲ KORPUSAI;49 €
HP ProBook 6560b, 6565b, 6570b, 8560p kompiuterio lizdas su laidu;11 €
Visų kategorių ir gamintojų kompiuterių detalės;33 €
WWW.MARSIETIS.LT - ELEKTRONIKOS LYDERIS VISOJE LIETUVOJE;10 €
HP Compaq 6530B, 6535B, 6730B, 6735B, 6530, 6531B, 6730p nešiojamo kompiuterio klaviatūra;23 €
Nešiojamųjų kompiuterių aušintuvai, ventiliatoriai PIGIAUSIAI;8 €
Nešiojamųjų kompiuterių DELL aušintuvai, ventiliatoriai PIGIAUSIAI!;10 €
Nešiojamo kompiuterio / laptopo ventiliatorius, aušintuvas, aušinimo sistema, dulkių valymas;10 €
Kokybiškos Toshiba nešiojamų kompiuterių baterijos / akumuliatoriai;39 €
SONY nešiojamo kompiuterio DC maitinimo lizdas;3 €
HP nešiojamų kompiuterių, lizdai kištukai;4 €
ASUS GL502VT, GL502VS, GL502VM EKRANO KABELIS / ŠLEIFAS;35 €
ASUS NEŠIOJAMŲ KOMPIUTERIŲ MAITINIMO LIZDAI NUO 3 EUR, Šiauliuose;3 €
AKCIJA LENOVO nešiojamų kompiuterių DC įkrovimo lizdams!;10 €
Silikoninis nešiojamas elektroninis pianinas arba būgnai, PUIKI DOVANA;75 €
DELL Inspiron 15-3567, D1525B, 15 3565, 3567, P63F vyriai;23 €
ACER nešiojamų kompiuterių aušintuvai / ventiliatoriai nuo 10.50 eurų;10 €
PIGIAUSIAI. DELL kompiuterio lankstai, vyriai, ekrano laikikliai;10 €
ASUS X555LD, K555L, A555L, X555LJ, Y583L nešiojamo kompiuterio aušintuvas PIGIAUSIAI  Pristatymas visoje Lietuvoje per 1–2 dienas Visiems ventiliatori;14 €
LENOVO Thinkpad Edge E530, E530C, E535, E545 vyriai;18 €
ACER kompiuterių DC lizdai geriausia kaina!;7 €
TOSHIBA nešiojamų kompiuterių ekranų kabeliai / šleifai;15 €
TOSHIBA Satellite P300, P300D, P305, P305D, P300-156, P305D8U-00M00C, Pro P300D-20D šleifas;19 €
DELL INSPIRON 14-7460 nešiojamo kompiuterio aušintuvas/ventiliatorius GERIAUSIA KAINA!;19 €
PIGIAUSIAI. Acer  nešiojamų kompiuterių ekranų AUŠINTUVAI;10 €
SAMSUNG nešiojamų kompiuterių klaviatūros, keitimas, remontas  SAMSUNG nešiojamų kompiuterių klaviatūra, keitimas, remontas. Daugiau informacijos: www;10 €
LENOVO nešiojamų kompiuterių ekrano dangčiai, korpusai;39 €
LENOVO nešiojamų kompiuterių aušintuvai / ventiliatoriai geriausia kaina Lietuvoje!;10 €
SAMSUNG nešiojamų kompiuterių dalys / klaviatūros pigiausiai;16 €
SAMSUNG NP300E5E, NP350E5C UK / US nešiojamo kompiuterio klaviatūra;16 €
VISI Nešiojamų kompiuterių mašininiai automobiliniai pakrovėjai;18 €
LENOVO 10.5x4.0mm USB | 20V | 4.74A | 90W | automobilinis nešiojamo kompiuterio kroviklis / pakrovėjas;18 €
ACER Aspire 5349, 5749, eMachines E732, E732G, E732Z, E732ZG nešiojamo kompiuterio aušintuvas;19 €
DELL Inspiron 14 5447, 5448, DC02001X500, 88HH8 nešiojamo kompiuterio ekrano šleifas, kabelis;22 €
PIGIAUSIAI. DELL nešiojamų kompiuterių ekranų šleifai;13 €
TOSHIBA nešiojamų kompiuterių aušintuvai / ventiliatoriai geriausia kaina Lietuvoje!;10 €
TOSHIBA Satellite L50-B, L50D-B, L50T-B, L50DT-B aušintuvas;21 €
PIGIAUSIAI. Nešiojamo kompiuterio pakrovėjo laidas, kabelis, kištukas;3 €
LENOVO 10.5x4.0mm SQUARE pakrovėjo laidas, kištukas, kabelis;3 €
Įkroviklių (pakrovėjų) taisymas – keitimas naujais;5 €
LENOVO nešiojamų kompiuterių klaviatūros geriausia kaina Lietuvoje!;15 €
LENOVO Ideapad Y510, Y500S, Y510P, Y590 nešiojamo kompiuterio klaviatūra;15 €
PIGIAUSIAI. ASUS kompiuterio lankstai, vyriai, ekrano laikikliai;6 €
ASUS N550, N550JK, N550JX, N550J, N550JV Vyriai / Lankstai (komplektas);14 €
ASUS S200, S200E, X201E, X202E nešiojamo kompiuterio aušintuvas;18 €
PIGIAUSIAI. ASUS kompiuterio aušintuvai, cooler, aušintuvas, ventiliatorius;10 €
Telefonų, kompiuterių, navigacijų, planšečių sudužusių ekranų keitimas, pardavimas;30 €
HP nešiojamų kompiuterių, lizdai kištukai, remontas;4 €
HP Pavilion DV7-2000, DV7-2005el, DV7-2215el0 kompiuterio lizdas, jungtis, kištukas su laidu;9 €
Parduodu nešiojamas kompiuteri Asus;90 €
Toshiba Satelite L40;90 €
Parduodu nešiojamas kompiuteri Apple I Book Q4;90 €
Vilniaus Kompiuterių Remontas Fabijoniškėse, Šeškinėje;1 €
JŪSŲ KOMPIUTERIS IR VĖL BUS KAIP NAUJAS!;1 €
Windows 7, Windows 10 įrašymas Fabijoniškėse, Šeškinėje, Vilniuje.;1 €
DELL Kompiuterių Remontas Vilniuje, Fabijoniškėse;0
FUJITSU Kompiuterių Remontas Vilniuje, Fabijoniškėse;0
HP Kompiuterių Remontas Vilniuje, Fabijoniškėse;0
HUAWEI Kompiuterių Remontas Vilniuje, Fabijoniškėse;0
LENOVO Kompiuterių Remontas Vilniuje, Fabijoniškėse;0
APPLE MacBook Kompiuterių Remontas Vilniuje, Fabijoniškėse;0
MEDION Kompiuterių Remontas Vilniuje, Fabijoniškėse;0
MSI Kompiuterių Remontas Vilniuje, Fabijoniškėse;0
ASUS Kompiuterių Remontas Vilniuje, Fabijoniškėse;0
SAMSUNG Kompiuterių Remontas Vilniuje, Fabijoniškėse;0
SONY Kompiuterių Remontas Vilniuje, Fabijoniškėse;0
TOSHIBA Kompiuterių Remontas Vilniuje, Fabijoniškėse;0
XIAOMI Kompiuterių Remontas Vilniuje, Fabijoniškėse;0
ACER Kompiuterių Remontas Vilniuje, Fabijoniškėse;0
Ремонт Компьютеров в Вильнюсе (Фабийонишкес, Шешкине);1 €
Nebrangus Kompiuterių REMONTAS Vilniuje, Fabijoniškėse;1 €
Apple Mac Kompiuterių REMONTAS Vilniuje, Fabijoniškėse;2 €
JŪSŲ KOMPIUTERIS IR VĖL BUS KAIP NAUJAS!;1 €
Vilniaus Kompiuterių Remontas Fabijoniškėse, Šeškinėje;1 €
Computer Repair in Vilnius, Fabijoniškės;0
Nešiojamų Kompiuterių Ekranų keitimas Vilniuje, Fabijoniškėse;0
Ремонт Компьютеров в Вильнюсе, Фабийонишкес;0
Sulūžusių Kompiuterių Korpusų remontas, klijavimas Vilniuje, Fabijoniškėse;0
VISŲ išlūžusių, neveikiančių Kompiuterių Lizdų remontas Vilniuje, Fabijoniškėse;0
Apipiltų, Sugedusių ir Neveikiančių kompiuterių remontas Vilniuje, Fabijoniškėse;0
Xbox, Sony PlayStation Žaidimo konsolių remontas Vilniuje, Fabijoniškėse;0
Apple iMac, iPad remontas Vilniuje, Fabijoniškėse;0
Kompiuterių Remontas netoli Baltupiuose, Jeruzalėje;1 €
Kompiuterių Remontas netoli Viršuliškėse, Justiniškėse;2 €
Kompiuterių Remontas netoli Pašilaičiuose, Perkūnkiemyje;1 €
Kompiuterių Remontas netoli Antakalnyje, Žirmūnuose;1 €
Windows 7, Windows 10 įrašymas Fabijoniškėse, Šeškinėje, Vilniuje.;2 €
Computer Repair in Vilnius, Fabijoniškės, Šeškinė;1 €
Paskolos;0
Apsirūpines asmuo;0
Paskolos;0
Pažintys;0
VHF K5+ 5-Axis Dry Dental milling machine;8 359 €
Nidek HandyRef-K Handheld Ref/Keratometer;1 790 €
Medit i700 Wireless Intraoral 3D Dental Scanner;5 050 €
Sirona CEREC SpeedFire Sintering Furnace;2 402 €
Programat Ivoclar EP 5010 G2 Dental Press Furnace and Vacuum Pump;3 805 €
DOF Freedom X5 Dental Lab Scanner;4 077 €
Nidek LE-1200 Patternless Lens Edger;2 610 €
PS5 PlayStation DualSense Wireless Controller / PlayStation 5 pultai;1 €
Monitorius LG Flatron M227WD;75 €
Parduodu procesorių;10 €
LG GH24NSD1 Diskasukis;10 €
Aaa;111 €
Kompiuterių, mobilių telefonų tvarkymas, remontas;1 €
Kompiuterių ir telefonų remonto ir tvarkymo paslaugos;1 €
Skirtingų rūšių telefonų laikikliai už gerą kainą. Laikikliai dviračiui, automobiliui, motociklui ar paspirtukui. Aukšta kokybė, patogus apsipirkimas;0
Dell Inspiron Gaming 7577;350 €
Serverių priežiūra;0
Amd AM4 lizdo procesoriaus ausintuvo laikikliai;7 €
Palankus paskolos pasiūlymas;550 000 €
Blow Belaidė klaviatūra miniKS-2;13 €
Www.gsoft.lt - Internetinių svetainių kūrimas, El. Parduotuvių, Google reklama;0
Www.gsoft.lt - Internetinių svetainių kūrimas, El. Parduotuvių, Google reklama;0
Registratoriai;48 €
Ceramic Cpu Gold Recovery Intel Processor Scrap;10 €
KOMPIUTERIŲ REMONTAS WINDOWS PERRAŠYMAS,IRAŠYMAS DIRBAME SAVAITGALIAIS IR ŠVENČIŲ DIENOMIS;0
Lexar Professional atminties kortelė SDXC 64GB;35 €
Trust Trino webcam HD 720p 8MP;10 €
Pažintys;0
Sony Playstation Vr akinai;1 €
Sony PlayStation 4 kamera V2 (PS4/PSVR);1 €
Papildomas darbas;0
Papildomas darbas;0
Papildomas darbas;0
Papildomas darbas;0
Papildomas darbas;0
Papildomas darbas;0
Laidinė optinė pelė;5 €
HP probook 450 g4;50 €
Parduodami PC KOMPONENTAI IR DETALĖS;9 000 €
Žaidimų klaviatūra PC268A;26 €
Flir T600 45 (WI-FI) HD Thermal Imaging Camera;5 425 €
Apple IMac MRQY2LL/A 27" Retina 5K Display stalinis kompiuteris;630 €
Apple MacBook Pro MVVM2LL/A 16" With Retina Display;870 €
Programat Ivoclar EP 5010 G2 Dental Press Furnace and Vacuum Pump;3 835 €
Vekselis | Paprastasis Vekselis | Skolos Vekselis;0
Bendra visu skelbimu kaina: 33827.0 €Bendras visus skelbymu kiekis: 421